cluster,count,mean,std,min,25%,50%,75%,max
0,861.0,28.490127758420442,16.143872265594887,5.0,20.0,25.0,35.0,115.0
1,141.0,658.7943262411347,1081.6193053389277,5.0,25.0,115.0,815.0,4545.0
2,915.0,1591.8032786885246,3025.148399454165,5.0,40.0,370.0,1915.0,38885.0
3,188.0,37.180851063829785,24.375170484946615,5.0,25.0,30.0,40.0,145.0
