cluster,n_samples,mean_inlet_temp,mean_outlet_temp,mean_inlet_draft
0,4906,868.0813548376141,834.1978444082076,-99.28139183312949
1,18578,393.89871299386374,385.087807263071,4.0852257449073575
2,291300,892.7442969658434,878.744548387748,-180.35878790283996
3,1398,869.6573962804006,860.46821888412,-167.04605150214593
