,count,mean,std,min,5%,25%,50%,75%,95%,max
Cyclone_Inlet_Gas_Temp,378580.0,726.3665981316924,329.44549717800805,0.0,30.2,856.02,882.28,901.03,933.98,1157.63
Cyclone_Material_Temp,378580.0,749.7581057282947,351.7579869532674,-185.0,19.73,867.26,913.17,943.49,985.71,1375.0
Cyclone_Outlet_Gas_draft,378580.0,-177.5601596263475,99.30078872636487,-456.66,-277.55025,-247.08,-215.26,-169.6,4.76,40.27
Cyclone_cone_draft,378580.0,-164.35954472781427,90.23402216740843,-459.31,-258.74,-226.66,-198.57,-142.91,0.33,137.39
Cyclone_Gas_Outlet_Temp,378580.0,714.8155834456445,326.11534746505566,13.79,30.25,800.2075,871.42,899.25,932.99,1375.0
Cyclone_Inlet_Draft,378580.0,-141.0879198133104,77.7156485607744,-396.37,-221.07,-193.38,-169.39,-135.81,0.85,41.64
